Factor,*t* value,SE,Slope,ANS
pupilSize,-5.11023733874,0.000636900380092,-0.0032547121034,2.41859412212
