Factor,*t* value,SE,Slope,ANS
pupilSize,-3.4642327837,0.000961471587164,-0.00333076139285,2.78465370404
