Factor,*t* value,SE,Slope,ANS
pupilSize,-2.06461718022,0.000500998858821,-0.00103437085119,1.20530479419
