Factor,*t* value,SE,Slope,ANS
pupilSize,-1.23208172341,0.000269090762195,-0.000331541810039,0.386330427483
