Factor,*t* value,SE,Slope,ANS
pupilSize,-2.21481647562,0.000263777875244,-0.000584219583996,0.68076421976
pupilSize:condsingle,-3.18173748903,4.95982161388e-05,-0.000157808503678,-
