Transformation,AIC
*D*^-1^,587941.484556
log(*D*),587942.359536
*D*^0.5^,587944.526545
*D*,587947.564318
*D*^2^,587976.372344
*D*^3^,588020.728383
