Transformation,Log-likelihood
*D*^-1^,-293956.742278
log(*D*),-293957.179768
*D*^0.5^,-293958.263272
*D*,-293959.782159
*D*^2^,-293974.186172
*D*^3^,-293996.364192
